"lon";"lat";"species";"reference"
-80.172117;25.744931;"Ophiothela mirabilis";"Glynn et al., 2019"
-80.155289;25.725575;"Ophiothela mirabilis";"Glynn et al., 2019"
-80.108067;26.040825;"Ophiothela mirabilis";"Glynn et al., 2019"
-80.107369;26.0519;"Ophiothela mirabilis";"Glynn et al., 2019"
-61.2661;13.1783;"Ophiothela mirabilis";"Hendler et al., 2012"
-61.2496;13.1703;"Ophiothela mirabilis";"Hendler et al., 2012"
-60.858361;14.775722;"Ophiothela mirabilis";"Ferry et al., 2020"
-60.856028;14.685417;"Ophiothela mirabilis";"Ferry et al., 2020"
-60.855722;14.771778;"Ophiothela mirabilis";"Ferry et al., 2020"
-60.8411;11.1553;"Ophiothela mirabilis";"Hendler and Brugneaux 2013"
-60.809528;14.645222;"Ophiothela mirabilis";"Ferry et al., 2020"
-60.795139;14.626;"Ophiothela mirabilis";"Ferry et al., 2020"
-60.5186;11.3007;"Ophiothela mirabilis";"Hendler and Brugneaux 2013"
-60.5017;11.2957;"Ophiothela mirabilis";"Hendler and Brugneaux 2013"
-51.9586;4.9268;"Ophiothela mirabilis";"Hendler and Brugneaux 2013"
-48.6376;-26.2334;"Ophiothela mirabilis";"Lawley et al., 2018"
-48.5227;-26.3838;"Ophiothela mirabilis";"Lawley et al., 2018"
-48.406306;-25.413806;"Ophiothela mirabilis";"Bumbeer and Rocha 2016"
-48.368007;-25.73501;"Ophiothela mirabilis";"Bumbeer and Rocha 2016"
-48.3669;-27.293;"Ophiothela mirabilis";"Present study"
-48.364339;-25.551974;"Ophiothela mirabilis";"Bumbeer and Rocha 2016"
-48.333485;-25.783381;"Ophiothela mirabilis";"Bumbeer and Rocha 2016"
-48.3206;-25.583;"Ophiothela mirabilis";"Bumbeer and Rocha 2016"
-48.3161;-25.5748;"Ophiothela mirabilis";"Hendler et al., 2012"
-46.296293;-24.025718;"Ophiothela mirabilis";"Hendler et al., 2012"
-45.402778;-23.822222;"Ophiothela mirabilis";"Alitto et al., 2016"
-45.400833;-23.813889;"Ophiothela mirabilis";"Alitto et al., 2016"
-45.400278;-23.819722;"Ophiothela mirabilis";"Alitto et al., 2016"
-45.398333;-23.817222;"Ophiothela mirabilis";"Alitto et al., 2016"
-44.659382;-0.606031;"Ophiothela mirabilis";"Moura et al., 2016"
-44.236067;-23.083403;"Ophiothela mirabilis";"Mantellato et al., 2016"
-44.1925;-23.104;"Ophiothela mirabilis";"Mantellato et al., 2016"
-44.1542;-23.1344;"Ophiothela mirabilis";"Mantellato et al., 2016"
-44.151075;-23.133635;"Ophiothela mirabilis";"Mantellato et al., 2016"
-44.1491;-23.1303;"Ophiothela mirabilis";"Mantellato et al., 2016"
-43.0854;-22.9856;"Ophiothela mirabilis";"Hendler et al., 2012"
-42;-22.976389;"Ophiothela mirabilis";"Ribeiro et al., 2017"
-40.250217;-20.354489;"Ophiothela mirabilis";"Hendler et al., 2012"
-38.783333;-3.53333;"Ophiothela mirabilis";"Araújo et al., 2018"
-38.5329;-13.0093;"Ophiothela mirabilis";"Hendler et al., 2012"
-34.8349;-8.0803;"Ophiothela mirabilis";"Mantellato et al., 2016"
-62.631111;17.228333;"Ophiothela mirabilis";"Rich et al., 2020"
-83.740965;9.112481;"Ophiothela mirabilis";"Alvarado and Fernández, 2005"
-83.756954;9.144282;"Ophiothela mirabilis";"Alvarado and Fernández, 2005"
-83.622778;8.783056;"Ophiothela mirabilis";"Azofeifa-Solano et al., 2017"
-77.690997;6.830393;"Ophiothela mirabilis";"González et al., 2020"
-77.540438;6.688638;"Ophiothela mirabilis";"González et al., 2020"
-77.500796;6.645237;"Ophiothela mirabilis";"González et al., 2020"
-77.435885;6.69729;"Ophiothela mirabilis";"González et al., 2020"
-77.47497;6.304344;"Ophiothela mirabilis";"González et al., 2020"
-77.309527;5.894226;"Ophiothela mirabilis";"González et al., 2020"
-77.297632;5.826319;"Ophiothela mirabilis";"González et al., 2020"
-77.386634;5.628093;"Ophiothela mirabilis";"González et al., 2020"
-77.487622;5.616987;"Ophiothela mirabilis";"González et al., 2020"
-77.498;5.599268;"Ophiothela mirabilis";"González et al., 2020"
-77.533828;5.496468;"Ophiothela mirabilis";"González et al., 2020"
-101.622364;17.653881;"Ophiothela mirabilis";"Granja-Fernández and Lopez-Perez, 2011"
-101.620689;17.650117;"Ophiothela mirabilis";"Granja-Fernández and Lopez-Perez, 2011"
-101.609464;17.632706;"Ophiothela mirabilis";"Granja-Fernández and Lopez-Perez, 2011"
-101.523956;17.620644;"Ophiothela mirabilis";"Granja-Fernández and Lopez-Perez, 2011"
-101.554919;17.6152;"Ophiothela mirabilis";"Granja-Fernández and Lopez-Perez, 2011"
-101.490722;17.532897;"Ophiothela mirabilis";"Granja-Fernández and Lopez-Perez, 2011"
-97.066286;15.856772;"Ophiothela mirabilis";"Granja-Fernández and Lopez-Perez, 2011"
-97.072139;15.853475;"Ophiothela mirabilis";"Granja-Fernández and Lopez-Perez, 2011"
-97.067011;15.852917;"Ophiothela mirabilis";"Granja-Fernández and Lopez-Perez, 2011"
-77.322209;3.966104;"Ophiothela mirabilis";"Neira and Cantera, 2005"
-78.207345;2.94774;"Ophiothela mirabilis";"Neira and Cantera, 2005"
-81.598485;4.004601;"Ophiothela mirabilis";"Neira and Cantera, 2005"
-105.107778;19.556667;"Ophiothela mirabilis";"Granja-Fernández et al., 2014"
-103.519167;18.3525;"Ophiothela mirabilis";"Granja-Fernández et al., 2014"
-101.658889;17.680556;"Ophiothela mirabilis";"Granja-Fernández et al., 2014"
-101.650833;17.675278;"Ophiothela mirabilis";"Granja-Fernández et al., 2014"
-101.621389;17.650278;"Ophiothela mirabilis";"Granja-Fernández et al., 2014"
-101.621944;17.654167;"Ophiothela mirabilis";"Granja-Fernández et al., 2014"
-101.554722;17.615278;"Ophiothela mirabilis";"Granja-Fernández et al., 2014"
-101.524167;17.619444;"Ophiothela mirabilis";"Granja-Fernández et al., 2014"
-99.912222;16.823056;"Ophiothela mirabilis";"Granja-Fernández et al., 2014"
-99.901111;16.821944;"Ophiothela mirabilis";"Granja-Fernández et al., 2014"
-97.071944;15.853333;"Ophiothela mirabilis";"Granja-Fernández et al., 2014"
-97.066944;15.852778;"Ophiothela mirabilis";"Granja-Fernández et al., 2014"
-97.066111;15.856667;"Ophiothela mirabilis";"Granja-Fernández et al., 2014"
-96.477222;15.673333;"Ophiothela mirabilis";"Granja-Fernández et al., 2014"
-96.236944;15.687222;"Ophiothela mirabilis";"Granja-Fernández et al., 2014"
-96.143611;15.736389;"Ophiothela mirabilis";"Granja-Fernández et al., 2014"
-96.099167;15.766667;"Ophiothela mirabilis";"Granja-Fernández et al., 2014"
-96.059722;15.780833;"Ophiothela mirabilis";"Granja-Fernández et al., 2014"
-104.304444;19.059167;"Ophiothela mirabilis";"Galván-Villa and Ríos-Jata, 2018"
-81.594444;3.851944;"Ophiothela mirabilis";"Cohen-Rengifo et al., 2009"
-105.399639;20.733306;"Ophiothela mirabilis";"Granja-Fernández et al., 2017"
-105.563917;20.703917;"Ophiothela mirabilis";"Granja-Fernández et al., 2017"
-105.565;20.701444;"Ophiothela mirabilis";"Granja-Fernández et al., 2017"
-105.565861;20.699472;"Ophiothela mirabilis";"Granja-Fernández et al., 2017"
-105.581047;20.698717;"Ophiothela mirabilis";"Granja-Fernández et al., 2017"
-105.582806;20.697389;"Ophiothela mirabilis";"Granja-Fernández et al., 2017"
-105.239292;20.600617;"Ophiothela mirabilis";"Granja-Fernández et al., 2017"
-105.292997;20.545786;"Ophiothela mirabilis";"Granja-Fernández et al., 2017"
-105.326058;20.512242;"Ophiothela mirabilis";"Granja-Fernández et al., 2017"
-105.392997;20.506517;"Ophiothela mirabilis";"Granja-Fernández et al., 2017"
-105.1119;19.556631;"Ophiothela mirabilis";"Granja-Fernández et al., 2017"
-104.738336;19.238414;"Ophiothela mirabilis";"Granja-Fernández et al., 2017"
-104.735164;19.234781;"Ophiothela mirabilis";"Granja-Fernández et al., 2017"
-104.755928;19.23125;"Ophiothela mirabilis";"Granja-Fernández et al., 2017"
-104.733106;19.229258;"Ophiothela mirabilis";"Granja-Fernández et al., 2017"
-104.72445;19.22025;"Ophiothela mirabilis";"Granja-Fernández et al., 2017"
-104.351842;19.104997;"Ophiothela mirabilis";"Granja-Fernández et al., 2017"
-104.393867;19.1028;"Ophiothela mirabilis";"Granja-Fernández et al., 2017"
-104.351044;19.100717;"Ophiothela mirabilis";"Granja-Fernández et al., 2017"
-104.435344;19.09675;"Ophiothela mirabilis";"Granja-Fernández et al., 2017"
-104.438917;19.096403;"Ophiothela mirabilis";"Granja-Fernández et al., 2017"
-81.602892;4.004262;"Ophiothela mirabilis";"Cohen-Rengifo, 2017"
-80.788533;-1.93395;"Ophiothela mirabilis";"Malavé, 2015"
-80.7876;-1.9317;"Ophiothela mirabilis";"Malavé, 2015"
-80.792283;-1.9328;"Ophiothela mirabilis";"Malavé, 2015"
52.414704;25.668374;"Ophiothela mirabilis";"Al-Ansi and Al-Khayat, 1999"
30.458333;-30.783333;"Ophiothela mirabilis";"Clark, 1974"
103.9924;1.4022;"Ophiothela mirabilis";"Fujita and Irimura, 2015"
103.935467;1.429;"Ophiothela mirabilis";"Fujita and Irimura, 2015"
104.079583;1.422367;"Ophiothela mirabilis";"Fujita and Irimura, 2015"
103.6307;1.329517;"Ophiothela mirabilis";"Fujita and Irimura, 2015"
103.928367;1.418617;"Ophiothela mirabilis";"Fujita and Irimura, 2015"
151.90176;7.47795;"Ophiothela mirabilis";"Kerr et al., 2014"
167.116667;-20.783333;"Ophiothela mirabilis";"Stöhr, 2011"
167.016667;-20.75;"Ophiothela mirabilis";"Stöhr, 2011"
167.033333;-20.9;"Ophiothela mirabilis";"Stöhr, 2011"
167.05;-20.783333;"Ophiothela mirabilis";"Stöhr, 2011"
34.98300171;-24.79999924;"Ophiothela mirabilis";"OBIS"
132.088;-11.0533;"Ophiothela mirabilis";"OBIS"
127.8766708;26.50667;"Ophiothela mirabilis";"OBIS"
98;7.566999912;"Ophiothela mirabilis";"OBIS"
116.7952;-20.4863;"Ophiothela mirabilis";"OBIS"
145.466;-14.666;"Ophiothela mirabilis";"OBIS"
127.7133331;26.43499947;"Ophiothela mirabilis";"OBIS"
99.973028;9.371198;"Ophiothela mirabilis";"OBIS"
114.352;-21.6618;"Ophiothela mirabilis";"OBIS"
132.093;-11.0583;"Ophiothela mirabilis";"OBIS"
116.8531;-20.5205;"Ophiothela mirabilis";"OBIS"
132.063324;-11.17500019;"Ophiothela mirabilis";"OBIS"
116.5148;-20.5095;"Ophiothela mirabilis";"OBIS"
127.8483276;26.5;"Ophiothela mirabilis";"OBIS"
114.0142;-21.798;"Ophiothela mirabilis";"OBIS"
152.15;-32.716;"Ophiothela mirabilis";"OBIS"
85.333336;19.766666;"Ophiothela mirabilis";"OBIS"
-87.90000153;13.13749981;"Ophiothela mirabilis";"OBIS"
151.27499;-33.8;"Ophiothela mirabilis";"OBIS"
147.7;-18.966;"Ophiothela mirabilis";"OBIS"
116.7781;-20.3866;"Ophiothela mirabilis";"OBIS"
-82.60266876;4.008999825;"Ophiothela mirabilis";"OBIS"
132.175;-11.2433;"Ophiothela mirabilis";"OBIS"
132.063;-11.175;"Ophiothela mirabilis";"OBIS"
31.58300018;-29.35000038;"Ophiothela mirabilis";"OBIS"
153.266;-30.25;"Ophiothela mirabilis";"OBIS"
116.6133;-20.489;"Ophiothela mirabilis";"OBIS"
65.86699677;-21.35000038;"Ophiothela mirabilis";"OBIS"
151.333;-23.833;"Ophiothela mirabilis";"OBIS"
-44.2943;-23.1149;"Ophiothela mirabilis";"OBIS"
116.9175;-20.4008;"Ophiothela mirabilis";"OBIS"
122.92624;-12.24517;"Ophiothela mirabilis";"OBIS"
153.15;-30.316;"Ophiothela mirabilis";"OBIS"
-52.43;6.438333333;"Ophiothela mirabilis";"OBIS"
113.6453;-22.4802;"Ophiothela mirabilis";"OBIS"
113.7428;-22.6011;"Ophiothela mirabilis";"OBIS"
145.35;-14.783;"Ophiothela mirabilis";"OBIS"
145.664;-14.6641;"Ophiothela mirabilis";"OBIS"
120.97222;13.52417;"Ophiothela mirabilis";"OBIS"
127.8516693;26.39999962;"Ophiothela mirabilis";"OBIS"
148.716;-20.1;"Ophiothela mirabilis";"OBIS"
98.38280556;7.745333333;"Ophiothela mirabilis";"OBIS"
81.75;16.43333333;"Ophiothela mirabilis";"OBIS"
153.44166;-29.54166;"Ophiothela mirabilis";"OBIS"
92.91699982;19.83300018;"Ophiothela mirabilis";"OBIS"
153.633;-28.616;"Ophiothela mirabilis";"OBIS"
153.266;-30.2;"Ophiothela mirabilis";"OBIS"
114.908;-20.9896;"Ophiothela mirabilis";"OBIS"
134.31;-9.41803;"Ophiothela mirabilis";"OBIS"
153.116;-26.616;"Ophiothela mirabilis";"OBIS"
78.63333333;8.866666667;"Ophiothela mirabilis";"OBIS"
153.216;-30.166;"Ophiothela mirabilis";"OBIS"
136.67;-12.22;"Ophiothela mirabilis";"OBIS"
75.83333333;18.91666667;"Ophiothela mirabilis";"OBIS"
152.5238333;-10.62783333;"Ophiothela mirabilis";"OBIS"
153.183;-30.25;"Ophiothela mirabilis";"OBIS"
119.2555;-17.2555;"Ophiothela mirabilis";"OBIS"
116.843;-20.3523;"Ophiothela mirabilis";"OBIS"
145.45;-14.65;"Ophiothela mirabilis";"OBIS"
35.29999924;-24.7670002;"Ophiothela mirabilis";"OBIS"
93.83333333;12;"Ophiothela mirabilis";"OBIS"
71.21700287;18.45000076;"Ophiothela mirabilis";"OBIS"
147.533;-18.8;"Ophiothela mirabilis";"OBIS"
79;8.5;"Ophiothela mirabilis";"OBIS"
153.133;-26.683;"Ophiothela mirabilis";"OBIS"
45.298332;-12.751667;"Ophiothela mirabilis";"OBIS"
122.982;-12.2417;"Ophiothela mirabilis";"OBIS"
120.9774;13.5232;"Ophiothela mirabilis";"OBIS"
145.463;-14.6981;"Ophiothela mirabilis";"OBIS"
-77.37054443;5.635537624;"Ophiothela mirabilis";"OBIS"
130.83299;-12.3833;"Ophiothela mirabilis";"OBIS"
158.284332;-19.4695;"Ophiothela mirabilis";"OBIS"
116.6133;-20.4833;"Ophiothela mirabilis";"OBIS"
120.98778;13.52249;"Ophiothela mirabilis";"OBIS"
114.892;-21.0317;"Ophiothela mirabilis";"OBIS"
151.633;-33.166;"Ophiothela mirabilis";"OBIS"
121.786;-15.0945;"Ophiothela mirabilis";"OBIS"
145.455;-14.6447;"Ophiothela mirabilis";"OBIS"
178;-18;"Ophiothela mirabilis";"OBIS"
92.816666;11.116667;"Ophiothela mirabilis";"OBIS"
113.9039;-21.9733;"Ophiothela mirabilis";"OBIS"
114.7345;-33.98185;"Ophiothela mirabilis";"OBIS"
132.082;-11.065;"Ophiothela mirabilis";"OBIS"
80.3;13.1;"Ophiothela mirabilis";"OBIS"
114.734;-33.98;"Ophiothela mirabilis";"OBIS"
116.4463;-20.6185;"Ophiothela mirabilis";"OBIS"
92.6;11.5;"Ophiothela mirabilis";"OBIS"
120.97114;13.52496;"Ophiothela mirabilis";"OBIS"
132.088;-11.07;"Ophiothela mirabilis";"OBIS"
153.4;-29.933;"Ophiothela mirabilis";"OBIS"
166.433;-22.266;"Ophiothela mirabilis";"OBIS"
39.97;-3.37;"Ophiothela mirabilis";"OBIS"
159.07166;-31.50333;"Ophiothela mirabilis";"OBIS"
113.409;-24.0137;"Ophiothela mirabilis";"OBIS"
120.99176;13.51664;"Ophiothela mirabilis";"OBIS"
153.116;-26.6;"Ophiothela mirabilis";"OBIS"
116.5663;-20.6518;"Ophiothela mirabilis";"OBIS"
31.7670002;-29.43300056;"Ophiothela mirabilis";"OBIS"
43.3071;11.95947;"Ophiothela mirabilis";"OBIS"
145.45;-14.666;"Ophiothela mirabilis";"OBIS"
117.333;-20.4833;"Ophiothela mirabilis";"OBIS"
86.53333333;19.78333333;"Ophiothela mirabilis";"OBIS"
161.018173;-20.548166;"Ophiothela mirabilis";"OBIS"
162.3329926;11.35000038;"Ophiothela mirabilis";"OBIS"
150.916;-23.583;"Ophiothela mirabilis";"OBIS"
153.75;-28.866;"Ophiothela mirabilis";"OBIS"
101.56925;12.55313889;"Ophiothela mirabilis";"OBIS"
152.3355;-10.69533333;"Ophiothela mirabilis";"OBIS"
145.27277;-14.85055;"Ophiothela mirabilis";"OBIS"
121.7884;-15.09305;"Ophiothela mirabilis";"OBIS"
114.907;-20.9847;"Ophiothela mirabilis";"OBIS"
130.817;-12.4167;"Ophiothela mirabilis";"OBIS"
116.5698;-20.4626;"Ophiothela mirabilis";"OBIS"
132.175;-11.2417;"Ophiothela mirabilis";"OBIS"
145.45;-14.816;"Ophiothela mirabilis";"OBIS"
99.943839;9.390387;"Ophiothela mirabilis";"OBIS"
114.89;-21.033;"Ophiothela mirabilis";"OBIS"
92.01666667;12;"Ophiothela mirabilis";"OBIS"
90;15;"Ophiothela mirabilis";"OBIS"
120.97139;13.52482;"Ophiothela mirabilis";"OBIS"
-79.51699829;8.967000008;"Ophiothela mirabilis";"OBIS"
147.68407;-18.83482;"Ophiothela mirabilis";"OBIS"
113.4867;-22.4666;"Ophiothela mirabilis";"OBIS"
150.96055;-23.1761;"Ophiothela mirabilis";"OBIS"
116.9507;-20.3483;"Ophiothela mirabilis";"OBIS"
-63.263246;17.627686;"Ophiothela mirabilis";"GBIF"
-38.516667;-12.983333;"Ophiothela mirabilis";"GBIF"
-105.582805;20.697389;"Ophiothela mirabilis";"GBIF"
-104.733105;19.229258;"Ophiothela mirabilis";"GBIF"
-104.393867;19.103;"Ophiothela mirabilis";"GBIF"
-104.7562;19.230675;"Ophiothela mirabilis";"GBIF"
-104.351703;19.105061;"Ophiothela mirabilis";"GBIF"
-105.239269;20.600536;"Ophiothela mirabilis";"GBIF"
-105.326264;20.512031;"Ophiothela mirabilis";"GBIF"
-104.350975;19.100536;"Ophiothela mirabilis";"GBIF"
-52.43;6.438333;"Ophiothela mirabilis";"GBIF"
-113.505;29.093333;"Ophiothela mirabilis";"GBIF"
-113.491389;29.039444;"Ophiothela mirabilis";"GBIF"
-113.475161;28.96835;"Ophiothela mirabilis";"GBIF"
-113.506111;29.014722;"Ophiothela mirabilis";"GBIF"
-113.518611;29.065556;"Ophiothela mirabilis";"GBIF"
-113.5075;28.992222;"Ophiothela mirabilis";"GBIF"
-113.53;29.096111;"Ophiothela mirabilis";"GBIF"
-96.555167;15.660783;"Ophiothela mirabilis";"GBIF"
-105.111189;19.558161;"Ophiothela mirabilis";"GBIF"
-105.107703;19.546031;"Ophiothela mirabilis";"GBIF"
-105.084944;19.522194;"Ophiothela mirabilis";"GBIF"
-105.092194;19.539972;"Ophiothela mirabilis";"GBIF"
-105.108647;19.539631;"Ophiothela mirabilis";"GBIF"
-109.426583;23.347361;"Ophiothela mirabilis";"GBIF"
-101.659017;17.680533;"Ophiothela mirabilis";"GBIF"
-96.059742;15.780944;"Ophiothela mirabilis";"GBIF"
-101.62185;17.6542;"Ophiothela mirabilis";"GBIF"
-96.2303;15.6879;"Ophiothela mirabilis";"GBIF"
-96.133033;15.73825;"Ophiothela mirabilis";"GBIF"
-96.143814;15.736419;"Ophiothela mirabilis";"GBIF"
-96.16435;15.719533;"Ophiothela mirabilis";"GBIF"
-101.620817;17.65045;"Ophiothela mirabilis";"GBIF"
-99.911806;16.823933;"Ophiothela mirabilis";"GBIF"
-101.65085;17.67535;"Ophiothela mirabilis";"GBIF"
-99.901453;16.821836;"Ophiothela mirabilis";"GBIF"
-101.5549;17.615467;"Ophiothela mirabilis";"GBIF"
-99.912389;16.823222;"Ophiothela mirabilis";"GBIF"
-95.57493;15.939306;"Ophiothela mirabilis";"GBIF"
-99.870605;16.846758;"Ophiothela mirabilis";"GBIF"
-101.52423;17.619606;"Ophiothela mirabilis";"GBIF"
-101.576594;17.613256;"Ophiothela mirabilis";"GBIF"
-99.901211;16.821897;"Ophiothela mirabilis";"GBIF"
-105.1079;19.556631;"Ophiothela mirabilis";"GBIF"
-101.491117;17.533186;"Ophiothela mirabilis";"GBIF"
-101.497875;17.533733;"Ophiothela mirabilis";"GBIF"
-101.61103;17.634069;"Ophiothela mirabilis";"GBIF"
-101.6216;17.650275;"Ophiothela mirabilis";"GBIF"
-97.067011;15.869583;"Ophiothela mirabilis";"GBIF"
-105.116833;19.557694;"Ophiothela mirabilis";"GBIF"
-96.371869;15.670936;"Ophiothela mirabilis";"GBIF"
-96.481233;15.668372;"Ophiothela mirabilis";"GBIF"
-96.529192;15.660603;"Ophiothela mirabilis";"GBIF"
-96.499242;15.657019;"Ophiothela mirabilis";"GBIF"
-101.52613;17.620644;"Ophiothela mirabilis";"GBIF"
-101.619586;17.653881;"Ophiothela mirabilis";"GBIF"
-45.412683;-23.824667;"Ophiothela mirabilis";"GBIF"
-96.235347;15.686794;"Ophiothela mirabilis";"GBIF"
-105.105642;19.549317;"Ophiothela mirabilis";"GBIF"
-99.901944;16.735278;"Ophiothela mirabilis";"GBIF"
-105.893389;21.855083;"Ophiothela mirabilis";"GBIF"
-105.87925;21.850611;"Ophiothela mirabilis";"GBIF"
-83.791667;9.125;"Ophiothela mirabilis";"GBIF"
-87.9;13.1375;"Ophiothela mirabilis";"GBIF"
-103.529167;18.350833;"Ophiothela mirabilis";"GBIF"
-87.075;5.525;"Ophiothela mirabilis";"GBIF"
-103.522222;18.352778;"Ophiothela mirabilis";"GBIF"
-103.463611;18.3125;"Ophiothela mirabilis";"GBIF"
-103.5225;18.351111;"Ophiothela mirabilis";"GBIF"
-101.608333;17.658333;"Ophiothela mirabilis";"GBIF"
-101.558333;17.625;"Ophiothela mirabilis";"GBIF"
-101.641667;17.658333;"Ophiothela mirabilis";"GBIF"
-101.625;17.658333;"Ophiothela mirabilis";"GBIF"
-96.560083;-0.049367;"Ophiothela mirabilis";"GBIF"
-98.776944;16.278056;"Ophiothela mirabilis";"GBIF"
-105.583611;20.684722;"Ophiothela mirabilis";"GBIF"
-105.571667;20.702222;"Ophiothela mirabilis";"GBIF"
-105.575;20.691667;"Ophiothela mirabilis";"GBIF"
-110.458333;24.591667;"Ophiothela mirabilis";"GBIF"
-99.858333;16.791667;"Ophiothela mirabilis";"GBIF"
-110.408333;24.591667;"Ophiothela mirabilis";"GBIF"
-110.391667;24.591667;"Ophiothela mirabilis";"GBIF"
-110.388611;24.585833;"Ophiothela mirabilis";"GBIF"
-105.109167;19.544722;"Ophiothela mirabilis";"GBIF"
-77.29309;4.0015;"Ophiothela mirabilis";"GBIF"
-106.458333;23.225;"Ophiothela mirabilis";"GBIF"
-106.403611;23.178333;"Ophiothela mirabilis";"GBIF"
-106.471389;23.228889;"Ophiothela mirabilis";"GBIF"
-106.472222;23.231389;"Ophiothela mirabilis";"GBIF"
-106.465278;23.225556;"Ophiothela mirabilis";"GBIF"
-105.141667;19.583333;"Ophiothela mirabilis";"GBIF"
-105.1417;19.58333;"Ophiothela mirabilis";"GBIF"
-79.58;8.98;"Ophiothela mirabilis";"GBIF"
-79.5;8.97;"Ophiothela mirabilis";"GBIF"
-79.52;8.95;"Ophiothela mirabilis";"GBIF"
-79.52;8.97;"Ophiothela mirabilis";"GBIF"
-70.12;8.33;"Ophiothela mirabilis";"GBIF"
125.235389;1.444017;"Ophiothela mirabilis";"GBIF"
151.637918;-33.079678;"Ophiothela mirabilis";"GBIF"
100.295575;-1.073948;"Ophiothela mirabilis";"GBIF"
120.90945;13.692782;"Ophiothela mirabilis";"GBIF"
103.837748;1.230814;"Ophiothela mirabilis";"GBIF"
145.454505;-14.644737;"Ophiothela mirabilis";"GBIF"
103.992055;1.390943;"Ophiothela mirabilis";"GBIF"
-113.35;28.8167;"Ophiothela mirabilis";"GBIF"
-113.55;28.9667;"Ophiothela mirabilis";"GBIF"
167.395966;-22.746166;"Ophiothela mirabilis";"GBIF"
30.8178;-30.2672;"Ophiothela mirabilis";"GBIF"
101.56925;12.553139;"Ophiothela mirabilis";"GBIF"
98.382806;7.745333;"Ophiothela mirabilis";"GBIF"
120.90129;13.65831;"Ophiothela mirabilis";"GBIF"
145.664485;-14.664059;"Ophiothela mirabilis";"GBIF"
145.46282;-14.698128;"Ophiothela mirabilis";"GBIF"
40.3915;-22.31538;"Ophiothela mirabilis";"GBIF"
40.29169;-22.40263;"Ophiothela mirabilis";"GBIF"
-38.53385;-13.003662;"Ophiothela mirabilis";"GBIF"
113.409;-24.014;"Ophiothela mirabilis";"GBIF"
113.41;-24.01;"Ophiothela mirabilis";"GBIF"
-41.877584;-22.740636;"Ophiothela mirabilis";"GBIF"
-41.904272;-22.755966;"Ophiothela mirabilis";"GBIF"
-41.877611;-22.741686;"Ophiothela mirabilis";"GBIF"
-40.35;-20.666667;"Ophiothela mirabilis";"GBIF"
147.684067;-18.834817;"Ophiothela mirabilis";"GBIF"
-43.087533;-22.98675;"Ophiothela mirabilis";"GBIF"
167.0275;-20.763333;"Ophiothela mirabilis";"GBIF"
167.018333;-20.791667;"Ophiothela mirabilis";"GBIF"
167.118333;-20.791667;"Ophiothela mirabilis";"GBIF"
167.035;-20.91;"Ophiothela mirabilis";"GBIF"
152.3355;-10.695333;"Ophiothela mirabilis";"GBIF"
152.523833;-10.627833;"Ophiothela mirabilis";"GBIF"
178.460333;-18.8475;"Ophiothela mirabilis";"GBIF"
178.538667;-18.706833;"Ophiothela mirabilis";"GBIF"
123.3717;-11.9633;"Ophiothela mirabilis";"GBIF"
127.848;26.5;"Ophiothela mirabilis";"GBIF"
125.6167;-13.9333;"Ophiothela mirabilis";"GBIF"
125.4167;-14.3666;"Ophiothela mirabilis";"GBIF"
125.2167;-14.2833;"Ophiothela mirabilis";"GBIF"
127.877;26.5067;"Ophiothela mirabilis";"GBIF"
105.5328;-10.5126;"Ophiothela mirabilis";"GBIF"
130.833333;-12.383333;"Ophiothela mirabilis";"GBIF"
130.816667;-12.416667;"Ophiothela mirabilis";"GBIF"
122.981667;-12.241667;"Ophiothela mirabilis";"GBIF"
127.713;26.435;"Ophiothela mirabilis";"GBIF"
152.066;-32.616;"Ophiothela mirabilis";"GBIF"
132.088333;-11.07;"Ophiothela mirabilis";"GBIF"
132.175;-11.241667;"Ophiothela mirabilis";"GBIF"
132.088333;-11.053333;"Ophiothela mirabilis";"GBIF"
132.175;-11.243333;"Ophiothela mirabilis";"GBIF"
132.063333;-11.175;"Ophiothela mirabilis";"GBIF"
132.081667;-11.065;"Ophiothela mirabilis";"GBIF"
132.093333;-11.058333;"Ophiothela mirabilis";"GBIF"
127.852;26.4;"Ophiothela mirabilis";"GBIF"
121.8412;-13.9352;"Ophiothela mirabilis";"GBIF"
120.75;21.816;"Ophiothela mirabilis";"GBIF"
118.45;-18.9;"Ophiothela mirabilis";"GBIF"
119.3352;-17.2516;"Ophiothela mirabilis";"GBIF"
119.3706;-17.264;"Ophiothela mirabilis";"GBIF"
119.45;-18.4666;"Ophiothela mirabilis";"GBIF"
147.27;-9.53;"Ophiothela mirabilis";"GBIF"
-79.53;8.78;"Ophiothela mirabilis";"GBIF"
162.33;11.35;"Ophiothela mirabilis";"GBIF"
151.916;-23.45;"Ophiothela mirabilis";"GBIF"
130.8;-12.45;"Ophiothela mirabilis";"GBIF"
125.616667;9.816667;"Ophiothela mirabilis";"GBIF"
178.22;-17.3;"Ophiothela mirabilis";"GBIF"
36.359339;-23.883161;"Ophiothela mirabilis";"GBIF"
35.3;-24.77;"Ophiothela mirabilis";"GBIF"
34.98;-24.8;"Ophiothela mirabilis";"GBIF"
31.77;-29.43;"Ophiothela mirabilis";"GBIF"
31.58;-29.35;"Ophiothela mirabilis";"GBIF"
98;7.57;"Ophiothela mirabilis";"GBIF"
92.33;20.45;"Ophiothela mirabilis";"GBIF"
65.87;-21.35;"Ophiothela mirabilis";"GBIF"
71.22;18.45;"Ophiothela mirabilis";"GBIF"
152.416;-21.716;"Ophiothela mirabilis";"GBIF"
129.4317;-10.93833;"Ophiothela mirabilis";"GBIF"
151.9;-23.45;"Ophiothela mirabilis";"GBIF"
